goal_name,time_to_reach
goal_1,30.534203052520752
goal_2,22.93679666519165
goal_3,20.188804626464844
goal_4,21.71910047531128
goal_5,23.40322732925415
goal_6,25.974642753601074
goal_7,18.183988571166992
Total Time,162.94076347351074
