goal_name,time_to_reach
goal_1,19.82706308364868
goal_2,21.028218984603882
goal_3,16.225688695907593
goal_4,21.035406589508057
goal_5,10.83191442489624
goal_6,13.824569702148438
goal_7,35.44745969772339
Total Time,138.22032117843628
