goal_name,time_to_reach
goal_1,25.037079334259033
goal_2,22.02571129798889
goal_3,24.232344150543213
goal_4,18.428125381469727
goal_5,21.425496816635132
goal_6,83.58299326896667
goal_7,17.017932653427124
Total Time,211.7496829032898
